word,transcription,index,round
acadiens,a.k.a.d.j.ɛ̃,6,0
adjoint,a.dʒ.w.ɛ̃,4,0
adjoint,a.d.ʒ.w.ɛ̃,5,0
adjoint,n.a.d.ʒ.w.ɛ̃,6,0
adjointe,a.dʒ.w.ɛ̃.t,4,0
adjointe,a.d.ʒ.w.ɛ̃.t,5,0
adjoints,a.dʒ.w.ɛ̃,4,0
afin,a.f.ɛ̃,3,0
africains,a.f.ʁ.i.c.ɛ̃,6,0
africains,a.f.ʁ.i.k.ɛ̃,6,0
ainsi,ɛ̃.s.i,1,0
alain,a.l.ɛ̃,3,0
alpin,a.l.p.ɛ̃,4,0
américain,a.m.e.ʁ.i.c.ɛ̃,7,0
américains,z.a.m.e.ʁ.i.k.ɛ̃,8,0
américains,a.m.e.ʁ.i.c.ɛ̃,7,0
américains,a.m.e.ʁ.i.k.ɛ̃,7,0
amérindien,a.m.e.ʁ.ɛ̃.d.j.ɛ̃,5,0
amérindien,a.m.e.ʁ.ɛ̃.d.j.ɛ̃,8,0
ancien,ɑ̃.s.j.ɛ̃,4,0
anciens,ɑ̃.s.j.ɛ̃,4,0
anodin,a.n.ɔ.d.ɛ̃,5,0
appartiendrait,a.p.a.ʁ.t.j.ɛ̃.d.ʁ.ɛ,7,0
appartiens,a.p.a.ʁ.t.j.ɛ̃,7,0
appartiens,a.p.a.ʁ.s.j.ɛ̃,7,0
appartient,a.p.a.ʁ.t.j.ɛ̃,7,0
arpin,a.ʁ.p.ɛ̃,4,0
astreindre,a.s.t.ʁ.ɛ̃.d,5,0
atteindra,a.t.ɛ̃.d.ʁ.a,3,0
atteindre,a.t.ɛ̃.d.ʁ,3,0
atteindre,a.t.ɛ̃.d,3,0
atteindre,a.t.ɛ̃.d.ʁ.ə,3,0
atteint,a.t.ɛ̃,3,0
atteinte,a.t.ɛ̃.t,3,0
atteintes,a.t.ɛ̃.t,3,0
atteints,a.t.ɛ̃,3,0
aubin,o.b.ɛ̃,3,0
aucun,o.c.ɛ̃,3,1
augustin,o.ɡ.y.s.t.ɛ̃,6,0
aérien,a.e.ʁ.j.ɛ̃,5,0
aériens,a.e.ʁ.j.ɛ̃,5,0
bain,b.ɛ̃,2,0
bambins,b.ɑ̃.b.ɛ̃,4,0
bassin,b.a.s.ɛ̃,4,0
bassins,b.a.s.ɛ̃,4,0
ben,b.ɛ̃,2,0
berlin,b.ɛ.ʁ.l.ɛ̃,5,0
besoin,b.ə.z.w.ɛ̃,5,0
besoins,b.ə.z.w.ɛ̃,5,0
bien,b.j.ɛ̃,3,0
bienfaits,b.j.ɛ̃.f,3,0
biens,b.j.ɛ̃,3,0
bientôt,b.j.ɛ̃.t.o,3,0
bienvenu,b.j.ɛ̃.v.ə.n.y,3,0
bienvenu,b.j.ɛ̃.v.n.y,3,0
bienvenue,b.j.ɛ̃.v.ə.n.y,3,0
bienvenus,b.j.ɛ̃.v.ə.n.y.s,3,0
bilingue,b.i.l.ɛ̃.ɡ,4,0
bilingues,b.i.l.ɛ̃.ɡ,4,0
bilinguisme,b.i.l.ɛ̃.ɡ.ɥ.i.s.m,4,0
bilinguisme,b.i.l.ɛ̃.g.ɥ.i.s.m,4,0
blainville,b.l.ɛ̃.v.i.l,3,0
bloomberg,b.l.ɛ̃.b.ɛ.ʁ,3,0
bonsaint,b.ɔ̃.s.ɛ̃,4,0
bouquin,b.u.c.ɛ̃,4,0
brunswick,b.ʁ.ɛ̃.s.w.i.k,3,0
bulletin,b.y.l.t.ɛ̃,5,0
bulletins,b.y.l.t.ɛ̃,5,0
canadien,k.a.n.a.d.j.ɛ̃,7,0
canadiens,k.a.n.a.d.j.ɛ̃,7,0
cantin,k.ɑ̃.t.ɛ̃,4,0
ceinture,s.ɛ̃.t.y.ʁ,2,0
certain,s.ɛ.ʁ.t.ɛ̃,5,0
certains,s.ɛ.ʁ.t.ɛ̃,5,0
chacun,ʃ.a.c.ɛ̃,4,1
champlain,ʃ.ɑ̃.p.l.ɛ̃,5,0
champlain,ʃ.ɑ̃.m.p.l.ɛ̃,6,0
chauvin,ʃ.o.v.ɛ̃,4,0
chemin,ʃ.ə.m.ɛ̃,4,0
chemins,ʃ.ə.m.ɛ̃,4,0
christian,k.ʁ.i.s.t.j.ɛ̃,7,0
chrétien,k.ʁ.e.t.j.ɛ̃,6,0
cinq,s.ɛ̃.k,2,0
cinq,s.ɛ̃,2,0
cinquante,s.ɛ̃.k.ɑ̃.t,2,0
cinquante-cinq,s.ɛ̃.k.ɑ̃.t.s.ɛ̃.k,2,0
cinquante-cinq,s.ɛ̃.k.ɑ̃.t.s.ɛ̃.k,7,0
cinquante-deux,s.ɛ̃.k.ɑ̃.t.d.ø,2,0
cinquante-huit,s.ɛ̃.k.ɑ̃.t.ɥ.i.t,2,0
cinquante-quatre,s.ɛ̃.k.ɑ̃.t.k.a.t,2,0
cinquante-sept,s.ɛ̃.k.ɑ̃.t.s.ɛ.t,2,0
cinquante-six,s.ɛ̃.k.ɑ̃.t.s.i.s,2,0
cinquante-trois,s.ɛ̃.k.ɑ̃.t.t.ʁ.w.a,2,0
cinquante-troisième,s.ɛ̃.k.ɑ̃.t.t.ʁ.w.a.z.j.ɛ.m,2,0
cinquante-un,s.ɛ̃.k.ɑ̃.t.œ̃,2,0
cinquantième,s.ɛ̃.k.ɑ̃.t.j.ɛ.m,2,0
cinquième,s.ɛ̃.c.ɛ.m,2,0
cinquième,s.ɛ̃.k.j.ɛ.m,2,0
citoyen,s.i.t.w.a.j.ɛ̃,7,0
citoyens,s.i.t.w.a.j.ɛ̃,7,0
clin,k.l.ɛ̃,3,0
coin,k.w.ɛ̃,3,0
coins,k.w.ɛ̃,3,0
combien,k.ɔ̃.b.j.ɛ̃,5,0
commun,k.ɔ.m.ɛ̃,4,1
concitoyens,k.ɔ̃.s.i.t.w.a.j.ɛ̃,9,0
conjoint,k.ɔ̃.ʒ.w.ɛ̃,5,0
conjointe,k.ɔ̃.ʒ.w.ɛ̃.t,5,0
conjointement,k.ɔ̃.ʒ.w.ɛ̃.t.m.ɑ̃,5,0
consensus,k.ɔ̃.s.ɛ̃.s.y.s,4,0
contemporain,k.ɔ̃.t.ɑ̃.p.ɔ.ʁ.ɛ̃,8,0
contient,k.ɔ̃.t.j.ɛ̃,5,0
contingent,k.ɔ̃.t.ɛ̃.ʒ.ɑ̃,4,0
contrainte,k.ɔ̃.t.ʁ.ɛ̃.t,5,0
contraintes,k.ɔ̃.t.ʁ.ɛ̃.t,5,0
contraints,k.ɔ̃.t.ʁ.ɛ̃,5,0
contreviendrait,k.ɔ̃.t.ʁ.ə.v.j.ɛ̃.d.ʁ.ɛ,8,0
convaincante,k.ɔ̃.v.ɛ̃.k.ɑ̃.t,4,0
convaincre,k.ɔ̃.v.ɛ̃.k.ʁ,4,0
convaincre,k.ɔ̃.v.ɛ̃.k,4,0
convaincu,k.ɔ̃.v.ɛ̃.k.y,4,0
convaincue,k.ɔ̃.v.ɛ̃.k.y,4,0
convaincues,k.ɔ̃.v.ɛ̃.k.y,4,0
convaincus,k.ɔ̃.v.ɛ̃.k.y,4,0
conviendra,k.ɔ̃.v.j.ɛ̃.d.ʁ.a,5,0
conviendrez,k.ɔ̃.v.j.ɛ̃.d.ʁ.e,5,0
conviendront,k.ɔ̃.v.j.ɛ̃.d.ʁ.ɔ̃,5,0
conviens,k.ɔ̃.v.j.ɛ̃,5,0
convient,k.ɔ̃.v.j.ɛ̃,5,0
coïncider,k.ɔ.ɛ̃.s.i.d.e,3,0
craindre,k.ʁ.ɛ̃.d.ʁ,3,0
crains,k.ʁ.ɛ̃,3,0
craint,k.ʁ.ɛ̃,3,0
crainte,k.ʁ.ɛ̃.t,3,0
craintes,k.ʁ.ɛ̃.t,3,0
d'adjoint,d.a.dʒ.w.ɛ̃,5,0
d'adjointe,d.a.dʒ.w.ɛ̃.t,5,0
d'anciens,d.ɑ̃.s.j.ɛ̃,5,0
d'atteindre,d.a.t.ɛ̃.d.ʁ,4,0
d'atteindre,d.a.t.ɛ̃.d.ʁ.ə,4,0
d'atteindre,d..a.t.ɛ̃.d.ʁ.ə,5,0
d'emprunt,d.ɑ̃.p.ʁ.ɛ̃,5,1
d'emprunter,d.ɑ̃.p.ʁ.ɛ̃.t.e,5,1
d'entretien,d.ɑ̃.t.ʁ.ə.t.j.ɛ̃,8,0
d'huntingdon,d.ɛ̃.t.ɛ̃.d.ɔ̃,2,0
d'huntingdon,d.ɛ̃.t.ɛ̃.d.ɔ̃,4,0
d'impact,d.ɛ̃.p.a.k.t,2,0
d'impacts,d.ɛ̃.p.a.k.t,2,0
d'implanter,d.ɛ̃.p.l.ɑ̃.t.e,2,0
d'importance,d.ɛ̃.p.ɔ.ʁ.t.ɑ̃.s,2,0
d'important,d.ɛ̃.p.ɔ.ʁ.t.ɑ̃,2,0
d'importantes,d.ɛ̃.p.ɔ.ʁ.t.ɑ̃.t,2,0
d'importe,d.ɛ̃.p.ɔ.ʁ.t,2,0
d'importer,d.ɛ̃.p.ɔ.ʁ.t.e,2,0
d'imposer,d.ɛ̃.p.o.z.e,2,0
d'imposition,d.ɛ̃.p.o.z.i.s.j.ɔ̃,2,0
d'improvisation,d.ɛ̃.p.ʁ.ɔ.v.i.z.a.s.j.ɔ̃,2,0
d'impôt,d.ɛ̃.p.o,2,0
d'impôts,d.ɛ̃.p.o,2,0
d'incertitude,d.ɛ̃.s.ɛ.ʁ.t.i.t.y.d,2,0
d'incertitudes,d.ɛ̃.s.ɛ.ʁ.t.i.t.y.d,2,0
d'incidence,d.ɛ̃.s.i.d.ɑ̃.s,2,0
d'inclure,d.ɛ̃.k.l.y.ʁ,2,0
d'inconfort,d.ɛ̃.k.ɔ̃.f.ɔ.ʁ,2,0
d'inconvénient,d.ɛ̃.k.ɔ̃.v.e.ɲ.ɑ̃,2,0
d'indemnisation,d.ɛ̃.d.ɛ.m.ɲ.i.z.a.s.j.ɔ̃,2,0
d'indexation,d.ɛ̃.d.ɛ.k.s.a.s.j.ɔ̃,2,0
d'indicateurs,d.ɛ̃.d.i.k.a.t.œ.ʁ,2,0
d'industrie,d.ɛ̃.d.y.s.t.ʁ.i,2,0
d'industries,d.ɛ̃.d.y.s.t.ʁ.i,2,0
d'indépendance,d.ɛ̃.d.e.p.ɑ̃.d.ɑ̃.s,2,0
d'indépendants,d.ɛ̃.d.e.p.ɑ̃.d.ɑ̃,2,0
d'inflation,d.ɛ̃.f.l.a.s.j.ɔ̃,2,0
d'information,d.ɛ̃.f.ɔ.ʁ.m.a.s.j.ɔ̃,2,0
d'infractions,d.ɛ̃.f.ʁ.a.k.s.j.ɔ̃,2,0
d'infrastructure,d.ɛ̃.f.ʁ.a.s.t.ʁ.y.k.t.y.ʁ,2,0
d'infrastructures,d.ɛ̃.f.ʁ.a.s.t.ʁ.y.k.t.y.ʁ,2,0
d'ingénieure,d.ɛ̃.ʒ.e.ɲ.œ.ʁ,2,0
d'injecter,d.ɛ̃.ʒ.ɛ.k.t.e,2,0
d'injonctions,d.ɛ̃.ʒ.ɔ̃.k.s.j.ɔ̃,2,0
d'inquiétude,d.ɛ̃.c.e.t.y.d,2,0
d'inquiétudes,d.ɛ̃.c.e.t.y.d,2,0
d'insatisfaction,d.ɛ̃.s.a.t.i.s.f.a.k.s.j.ɔ̃,2,0
d'inscription,d.ɛ̃.s.k.ʁ.i.p.s.j.ɔ̃,2,0
d'inscrire,d.ɛ̃.s.k.ʁ.i.ʁ,2,0
d'insistance,d.ɛ̃.s.i.s.t.ɑ̃.s,2,0
d'insister,d.ɛ̃.s.i.s.t.e,2,0
d'inspecteurs,d.ɛ̃.s.p.ɛ.k.t.œ.ʁ,2,0
d'installations,d.ɛ̃.s.t.a.l.a.s.j.ɔ̃,2,0
d'instaurer,d.ɛ̃.s.t.ɔ.ʁ.e,2,0
d'instituteurs,d.ɛ̃.s.t.i.t.y.t.œ.ʁ,2,0
d'institution,d.ɛ̃.s.t.i.t.y.s.j.ɔ̃,2,0
d'institutions,d.ɛ̃.s.t.i.t.y.s.j.ɔ̃,2,0
d'insuffler,d.ɛ̃.s.y.f.l.e,2,0
d'insulter,d.ɛ̃.s.y.l.t.e,2,0
d'insérer,d.ɛ̃.s.e.ʁ.e,2,0
d'intelligence,d.ɛ̃.t.e.ʎ.i.ʒ.ɑ̃.s,2,0
d'intenses,d.ɛ̃.t.ɑ̃.s,2,0
d'intentions,d.ɛ̃.t.ɑ̃.s.j.ɔ̃,2,0
d'internet,d.ɛ̃.t.ɛ.ʁ.n.ɛ.t,2,0
d'interrogation,d.ɛ̃.t.ɛ.ʁ.ɔ.ɡ.a.s.j.ɔ̃,2,0
d'intervenants,d.ɛ̃.t.ɛ.ʁ.v.ə.n.ɑ̃,2,0
d'intervenir,d.ɛ̃.t.ɛ.ʁ.v.ə.ɲ.i.ʁ,2,0
d'introduction,d.ɛ̃.t.ʁ.ɔ.d.y.k.s.j.ɔ̃,2,0
d'introduire,d.ɛ̃.t.ʁ.ɔ.d.ɥ.i.ʁ,2,0
d'intégration,d.ɛ̃.t.e.ɡ.ʁ.a.s.j.ɔ̃,2,0
d'intégrer,d.ɛ̃.t.e.ɡ.ʁ.e,2,0
d'intégrité,d.ɛ̃.t.e.ɡ.ʁ.i.t.e,2,0
d'intérêt,d.ɛ̃.t.e.ʁ.ɛ,2,0
d'intérêts,d.ɛ̃.t.e.ʁ.ɛ,2,0
d'investir,d.ɛ̃.v.ɛ.s.t.i.ʁ,2,0
d'investis,d.ɛ̃.v.ɛ.s.t.i.s,2,0
d'investissement,d.ɛ̃.v.ɛ.s.t.i.s.m.ɑ̃,2,0
d'investissements,d.ɛ̃.v.ɛ.s.t.i.s.m.ɑ̃,2,0
d'opportunités,d.ɔ.p.ɔ.ʁ.t.ɛ̃.i.t.e,7,0
d'un,d.ɛ̃,2,1
dauphin,d.o.f.ɛ̃,4,0
demain,d.ə.m.ɛ̃,4,0
desjardins,d.e.ʒ.a.ʁ.d.ɛ̃,7,0
dessin,d.e.s.ɛ̃,4,0
destin,d.e.s.t.ɛ̃,5,0
deviendra,d.ə.v.j.ɛ̃.d.ʁ.a,5,0
devient,d.ə.v.j.ɛ̃,5,0
dissension,d.i.s.ɛ̃.s.j.ɔ̃,4,0
distincte,d.i.s.t.ɛ̃.k.t,5,0
distinction,d.i.s.t.ɛ̃.k.s.j.ɔ̃,5,0
distincts,d.i.s.t.ɛ̃,5,0
distingue,d.i.s.t.ɛ̃.ɡ,5,0
distingue,d.i.s.t.ɛ̃.g,5,0
distinguées,d.i.s.t.ɛ̃.g.e,5,0
doyens,d.w.a.j.ɛ̃,5,0
drouin,d.ʁ.u.ɛ̃,4,0
déclin,d.e.k.l.ɛ̃,5,0
dépeindre,d.e.p.ɛ̃.d.ʁ,4,0
désinformation,d.e.z.ɛ̃.f.ɔ.ʁ.m.a.s.j.ɔ̃,4,0
désintéressé,d.e.z.ɛ̃.t.e.ʁ.ɛ.s.e,4,0
détient,d.e.t.j.ɛ̃,5,0
empreint,ɑ̃.p.ʁ.ɛ̃,4,0
empreinte,ɑ̃.p.ʁ.ɛ̃.t,4,0
emprunter,ɑ̃.p.ʁ.ɛ̃.t.e,4,1
enceinte,ɑ̃.s.ɛ̃.t,3,0
enceintes,ɑ̃.s.ɛ̃.t,3,0
enclins,ɑ̃.k.l.ɛ̃,4,0
enfin,ɑ̃.f.ɛ̃,3,0
entretien,ɑ̃.t.ʁ.ə.t.j.ɛ̃,7,0
espagne,ɛ.s.p.ɛ̃.ɲ,4,0
eugène,y.ʒ.ɛ̃.n,3,0
eugène,t.y.ʒ.ɛ̃.n,4,0
européens,ø.ʁ.ɔ.p.e.ɛ̃,6,0
examen,ɛ.g.z.a.m.ɛ̃,6,0
examens,ɛ.ɡ.z.a.m.ɛ̃,6,0
extinction,ɛ.k.s.t.ɛ̃.k.s.j.ɔ̃,5,0
fabien,f.a.b.j.ɛ̃,5,0
faim,f.ɛ̃,2,0
fin,f.ɛ̃,2,0
fins,f.ɛ̃,2,0
foin,f.w.ɛ̃,3,0
fortin,f.ɔ.ʁ.t.ɛ̃,5,0
franquelin,f.ʁ.ɑ̃.c.l.ɛ̃,6,0
frein,f.ʁ.ɛ̃,3,0
freins,f.ʁ.ɛ̃,3,0
fun,f.ɛ̃,2,0
félicien,f.e.ʎ.i.s.j.ɛ̃,7,0
féminin,f.e.m.i.n.ɛ̃,6,0
gain,ɟ.ɛ̃,2,0
gain,g.ɛ̃,2,0
gains,ɟ.ɛ̃,2,0
gains,g.ɛ̃,2,0
gardien,ɡ.a.ʁ.d.j.ɛ̃,6,0
gardiens,ɡ.a.ʁ.d.j.ɛ̃,6,0
germain,ʒ.ɛ.ʁ.m.ɛ̃,5,0
ghislain,ɟ.i.l.ɛ̃,4,0
gordien,ɡ.ɔ.ʁ.d.j.ɛ̃,6,0
gosselin,ɡ.ɔ.s.l.ɛ̃,5,0
gouin,ɡ.w.ɛ̃,3,0
gouin,g.w.ɛ̃,3,0
grain,ɡ.ʁ.ɛ̃,3,0
grimper,ɡ.ʁ.ɛ̃.p.e,3,0
grimpé,ɡ.ʁ.ɛ̃.p.e,3,0
guylain,g.i.l.ɛ̃,4,0
gérin,ʒ.e.ʁ.ɛ̃,4,0
hein,ɛ̃,1,0
historien,i.s.t.ɔ.ʁ.j.ɛ̃,7,0
historiens,i.s.t.ɔ.ʁ.j.ɛ̃,7,0
hopkins,ɔ.p.c.ɛ̃,4,0
humain,y.m.ɛ̃,3,0
humains,y.m.ɛ̃,3,0
humains,z.y.m.ɛ̃,4,0
humble,ɛ̃.b.l,1,1
huntingdon,ɛ̃.t.ɛ̃.d.ɔ̃,1,0
huntingdon,ɛ̃.t.ɛ̃.d.ɔ̃,3,0
hyacinthe,j.a.s.ɛ̃.t,4,0
imbrication,ɛ̃.b.ʁ.i.k.a.s.j.ɔ̃,1,0
impact,ɛ̃.p.a.k.t,1,0
impact,ɛ̃.p.a.k,1,0
impact,n.ɛ̃.p.a.k,2,0
impacts,ɛ̃.p.a.k.t,1,0
impacts,ɛ̃.p.a.k,1,0
imparfaite,ɛ̃.p.a.ʁ.f.ɛ.t,1,0
imparfaite,z.ɛ̃.p.a.ʁ.f.ɛ.t,2,0
imparti,ɛ̃.p.a.ʁ.t.i,1,0
impartition,ɛ̃.p.a.ʁ.t.i.s.j.ɔ̃,1,0
impatience,ɛ̃.p.a.s.j.ɑ̃.s,1,0
impensable,ɛ̃.p.ɑ̃.s.a.b.l,1,0
implacable,ɛ̃.p.l.a.k.a.b.l,1,0
implantation,ɛ̃.p.l.ɑ̃.t.a.s.j.ɔ̃,1,0
implanter,ɛ̃.p.l.ɑ̃.t.e,1,0
implanté,ɛ̃.p.l.ɑ̃.t.e,1,0
implantées,ɛ̃.p.l.ɑ̃.t.e,1,0
implantés,ɛ̃.p.l.ɑ̃.t.e,1,0
implantés,t.ɛ̃.p.l.ɑ̃.t.e,2,0
implication,ɛ̃.p.ʎ.i.k.a.s.j.ɔ̃,1,0
implication,ɛ̃.p.l.i.k.a.s.j.ɔ̃,1,0
implications,ɛ̃.p.ʎ.i.k.a.s.j.ɔ̃,1,0
impliquant,ɛ̃.p.l.i.k.ɑ̃,1,0
implique,ɛ̃.p.ʎ.i.k,1,0
impliquent,ɛ̃.p.l.i.k,1,0
impliquer,ɛ̃.p.ʎ.i.c.e,1,0
impliquer,ɛ̃.p.l.i.k.e,1,0
impliqué,ɛ̃.p.ʎ.i.c.e,1,0
impliqué,ɛ̃.p.l.i.k.e,1,0
impliquée,t.ɛ̃.p.l.i.k.e,2,0
impliquées,ɛ̃.p.l.i.k.e,1,0
impliquées,ɛ̃.p.ʎ.i.c.e,1,0
impliqués,ɛ̃.p.l.i.k.e,1,0
impliqués,t.ɛ̃.p.l.i.k.e,2,0
importance,ɛ̃.p.ɔ.ʁ.t.ɑ̃.s,1,0
important,t.ɛ̃.p.ɔ.ʁ.t.ɑ̃,2,0
important,n.ɛ̃.p.ɔ.ʁ.t.ɑ̃,2,0
important,ɛ̃.p.ɔ.ʁ.t.ɑ̃,1,0
important,z.ɛ̃.p.ɔ.ʁ.t.ɑ̃,2,0
importante,ɛ̃.p.ɔ.ʁ.t.ɑ̃.t,1,0
importante,z.ɛ̃.p.ɔ.ʁ.t.ɑ̃.t,2,0
importante,t.ɛ̃.p.ɔ.ʁ.t.ɑ̃.t,2,0
importantes,ɛ̃.p.ɔ.ʁ.t.ɑ̃.t,1,0
importantes,z.ɛ̃.p.ɔ.ʁ.t.ɑ̃.t,2,0
importants,ɛ̃.p.ɔ.ʁ.t.ɑ̃,1,0
importants,p.ɛ̃.p.ɔ.ʁ.t.ɑ̃,2,0
importe,ɛ̃.p.ɔ.ʁ.t,1,0
importe,ɛ̃.p.ɔ.ʁ.t.ə,1,0
importent,ɛ̃.p.ɔ.ʁ.t,1,0
imposaient,ɛ̃.p.o.z.ɛ,1,0
imposant,ɛ̃.p.o.z.ɑ̃,1,0
imposants,ɛ̃.p.o.z.ɑ̃,1,0
impose,ɛ̃.p.o.z,1,0
imposent,ɛ̃.p.o.z,1,0
imposer,ɛ̃.p.o.z.e,1,0
imposition,n.ɛ̃.p.o.z.i.s.j.ɔ̃,2,0
impossibilité,ɛ̃.p.o.s.i.b.i.l.i.t.e,1,0
impossible,ɛ̃.p.ɔ.s.i.b.l,1,0
impossible,t.ɛ̃.p.o.s.i.b,2,0
impossible,ɛ̃.p.o.s.i.b,1,0
impossible,ɛ̃.p.o.s.i.b.l.ə,1,0
impossible,t.ɛ̃.p.o.s.i.b.l,2,0
impossible,t.ɛ̃.p.o.s.i.b.l.ə,2,0
impossible,ɛ̃.p.o.s.i.b.l,1,0
imposé,ɛ̃.p.o.z.e,1,0
imposée,ɛ̃.p.o.z.e,1,0
imposées,ɛ̃.p.o.z.e,1,0
imposés,ɛ̃.p.o.z.e,1,0
imposés,t.ɛ̃.p.o.z.e,2,0
imprenable,ɛ̃.p.ʁ.ɛ.n.a.b.l,1,0
impression,ɛ̃.p.ʁ.e.s.j.ɔ̃,1,0
impressionnant,ɛ̃.p.ʁ.ɛ.s.j.ɔ.n.ɑ̃,1,0
impressionnante,ɛ̃.p.ʁ.ɛ.s.j.ɔ.n.ɑ̃.t,1,0
impressionnés,z.ɛ̃.p.ʁ.e.s.j.o.n.e,2,0
improvisation,ɛ̃.p.ʁ.o.v.i.z.a.s.j.ɔ̃,1,0
improvise,ɛ̃.p.ʁ.ɔ.v.i.z,1,0
improvisé,ɛ̃.p.ʁ.o.v.i.z.e,1,0
improvisés,ɛ̃.p.ʁ.ɔ.v.i.z.e,1,0
imprudent,ɛ̃.p.ʁ.y.d.ɑ̃,1,0
imprègne,ɛ̃.p.ʁ.ɛ.ɲ,1,0
imprégné,ɛ̃.p.ʁ.e.ɲ.e,1,0
imprévues,ɛ̃.p.ʁ.e.v.y,1,0
imprévus,z.ɛ̃.p.ʁ.e.v.y,2,0
impulsion,ɛ̃.p.y.l.s.j.ɔ̃,1,0
imputer,ɛ̃.p.y.t.e,1,0
impératif,ɛ̃.p.e.ʁ.a.t.i.f,1,0
impératifs,ɛ̃.p.e.ʁ.a.t.i.f,1,0
impérativement,ɛ̃.p.e.ʁ.a.t.i.v.m.ɑ̃,1,0
impérieux,ɛ̃.p.e.ʁ.j.ø,1,0
impôt,ɛ̃.p.o,1,0
impôts,ɛ̃.p.o,1,0
impôts,z.ɛ̃.p.o,2,0
in,ɛ̃,1,0
inaugurerons,z.ɛ̃.n.a.g.y.ʁ.ə.ʁ.ɔ̃,2,0
inc,ɛ̃.k,1,0
incapable,ɛ̃.k.a.p.a.b.l,1,0
incapable,t.ɛ̃.k.a.p.a.b,2,0
incapable,ɛ̃.k.a.p.a.b,1,0
incapables,ɛ̃.k.a.p.a.b.l,1,0
incapables,ɛ̃.k.a.p.a.b,1,0
incapacité,ɛ̃.k.a.p.a.s.i.t.e,1,0
incapacité,n.ɛ̃.k.a.p.a.s.i.t.e,2,0
incarnation,ɛ̃.k.a.ʁ.n.a.s.j.ɔ̃,1,0
incarne,ɛ̃.k.a.ʁ.n,1,0
incendiaires,ɛ̃.s.ɑ̃.d.j.ɛ.ʁ,1,0
incendiées,ɛ̃.s.ɑ̃.d.j.e,1,0
incertain,ɛ̃.s.ɛ.ʁ.t.ɛ̃,1,0
incertain,ɛ̃.s.ɛ.ʁ.t.ɛ̃,6,0
incertaine,ɛ̃.s.ɛ.ʁ.t.ɛ.n,1,0
incertitude,ɛ̃.s.ɛ.ʁ.t.i.t.y.d,1,0
incidemment,ɛ̃.s.i.d.a.m.ɑ̃,1,0
incidence,ɛ̃.s.i.d.ɑ̃.s,1,0
incident,ɛ̃.s.i.d.ɑ̃,1,0
incisif,ɛ̃.s.i.z.i.f,1,0
incitatif,ɛ̃.s.i.t.a.t.i.f,1,0
incitatives,ɛ̃.s.i.t.a.t.i.v,1,0
incitent,ɛ̃.s.i.t,1,0
inciter,ɛ̃.s.i.t.e,1,0
incitons,ɛ̃.s.i.t.ɔ̃,1,0
incluant,ɛ̃.k.l.y.ɑ̃,1,0
incluent,ɛ̃.k.l.y,1,0
inclure,ɛ̃.k.l.y.ʁ,1,0
inclus,ɛ̃.k.l.y,1,0
incluses,ɛ̃.k.l.y.z,1,0
inclusion,ɛ̃.k.l.y.z.j.ɔ̃,1,0
inclusive,ɛ̃.k.l.y.z.i.v,1,0
inclut,ɛ̃.k.l.y,1,0
incohérences,ɛ̃.k.ɔ.e.ʁ.ɑ̃.s,1,0
incombe,ɛ̃.k.ɔ̃.b,1,0
incommensurable,ɛ̃.k.ɔ.m.ɑ̃.s.y.ʁ.a.b.l,1,0
inconfort,ɛ̃.k.ɔ̃.f.ɔ.ʁ,1,0
inconfortable,ɛ̃.k.ɔ̃.f.ɔ.ʁ.t.a.b.l,1,0
inconnu,ɛ̃.k.o.n.y,1,0
inconsciente,ɛ̃.k.ɔ̃.s.j.ɑ̃.t,1,0
incontestable,ɛ̃.k.ɔ̃.t.ɛ.s.t.a.b.l,1,0
incontournable,ɛ̃.k.ɔ̃.t.u.ʁ.n.a.b.l.ə,1,0
incontournable,ɛ̃.k.ɔ̃.t.u.ʁ.n.a.b.l,1,0
incontournable,ɛ̃.k.ɔ̃.t.u.ʁ.n.a.b,1,0
incontournables,ɛ̃.k.ɔ̃.t.u.ʁ.n.a.b.l,1,0
incorporer,ɛ̃.k.ɔ.ʁ.p.o.ʁ.e,1,0
incroyable,ɛ̃.k.ʁ.w.a.j.a.b.l,1,0
incroyable,ɛ̃.k.ʁ.w.a.j.a.b,1,0
inculquera,ɛ̃.k.y.l.k.ə.ʁ.a,1,0
incurie,n.ɛ̃.k.y.ʁ.i,2,0
incurie,ɛ̃.k.y.ʁ.i,1,0
inde,ɛ̃.d,1,0
inde,n.ɛ̃.d,2,0
indemnisations,ɛ̃.d.ɛ.m.ɲ.i.z.a.s.j.ɔ̃,1,0
indemnités,ɛ̃.d.ɛ.m.n.i.t.e,1,0
indemnités,ɛ̃.d.ɛ.m.ɲ.i.t.e,1,0
indexation,ɛ̃.d.ɛ.k.s.a.s.j.ɔ̃,1,0
indexé,ɛ̃.d.ɛ.k.s.e,1,0
indicateur,ɛ̃.d.i.k.a.t.œ.ʁ,1,0
indicateurs,ɛ̃.d.i.k.a.t.œ.ʁ,1,0
indicatifs,ɛ̃.d.i.k.a.t.i.f,1,0
indice,ɛ̃.d.i.s,1,0
indignés,ɛ̃.d.i.ɲ.e,1,0
indiquait,ɛ̃.d.i.c.ɛ,1,0
indiquait,ɛ̃.d.i.k.ɛ,1,0
indiquait,z.ɛ̃.d.i.k.ɛ,2,0
indique,ɛ̃.d.i.k,1,0
indiquent,ɛ̃.d.i.k,1,0
indiquer,z.ɛ̃.d.i.k.e,2,0
indiquer,ɛ̃.d.i.c.e,1,0
indiquer,ɛ̃.d.i.k.e,1,0
indiquez,ɛ̃.d.i.c.e,1,0
indiqué,ɛ̃.d.i.k.e,1,0
indiqué,ɛ̃.d.i.c.e,1,0
indiqués,ɛ̃.d.i.c.e,1,0
indirecte,ɛ̃.d.i.ʁ.ɛ.k.t,1,0
indirectement,ɛ̃.d.i.ʁ.ɛ.k.t.ə.m.ɑ̃,1,0
indirects,ɛ̃.d.i.ʁ.ɛ.k.t,1,0
indispensable,ɛ̃.d.i.s.p.ɑ̃.s.a.b.l,1,0
indispensables,ɛ̃.d.i.s.p.ɑ̃.s.a.b.l,1,0
indisposer,ɛ̃.d.i.s.p.o.z.e,1,0
indissociable,t.ɛ̃.d.i.s.o.s.j.a.b.l.ə,2,0
indissociable,ɛ̃.d.i.s.ɔ.s.j.a.b.l,1,0
indissociables,ɛ̃.d.i.s.ɔ.s.j.a.b.l,1,0
individu,n.ɛ̃.d.i.v.i.d.y,2,0
individu,ɛ̃.d.i.v.i.d.y,1,0
individualisme,ɛ̃.d.i.v.i.d.ɥ.a.l.i.s.m,1,0
individuel,ɛ̃.d.i.v.i.d.ɥ.ɛ.l,1,0
individuelle,ɛ̃.d.i.v.i.d.ɥ.ɛ.l,1,0
individuellement,ɛ̃.d.i.v.i.d.ɥ.ɛ.l.m.ɑ̃,1,0
individuelles,ɛ̃.d.i.v.i.d.ɥ.ɛ.l,1,0
individuels,ɛ̃.d.i.v.i.d.ɥ.ɛ.l,1,0
individus,ɛ̃.d.i.v.i.d.y,1,0
induit,ɛ̃.d.ɥ.i,1,0
indus,ɛ̃.d.y,1,0
industrie,ɛ̃.d.y.s.t.ʁ.i,1,0
industriel,ɛ̃.d.y.s.t.ʁ.i.j.ɛ.l,1,0
industrielle,ɛ̃.d.y.s.t.ʁ.i.j.ɛ.l,1,0
industrielles,ɛ̃.d.y.s.t.ʁ.i.j.ɛ.l,1,0
industriels,ɛ̃.d.y.s.t.ʁ.i.j.ɛ.l,1,0
industries,ɛ̃.d.y.s.t.ʁ.i,1,0
indéfectible,ɛ̃.d.e.f.ɛ.k.t.i.b.l,1,0
indéfectible,ɛ̃.d.e.f.ɛ.k.t.i.b.l.ə,1,0
indéfiniment,ɛ̃.d.e.f.i.ɲ.i.m.ɑ̃,1,0
indéniable,ɛ̃.d.e.n.j.a.b.l,1,0
indéniable,ɛ̃.d.e.ɲ.a.b.l,1,0
indéniablement,ɛ̃.d.e.ɲ.a.b.l.ə.m.ɑ̃,1,0
indépendamment,ɛ̃.d.e.p.ɑ̃.d.a.m.ɑ̃,1,0
indépendance,ɛ̃.d.e.p.ɑ̃.d.ɑ̃.s,1,0
indépendant,ɛ̃.d.e.p.ɑ̃.d.ɑ̃,1,0
indépendante,ɛ̃.d.e.p.ɑ̃.d.ɑ̃.t,1,0
indépendants,ɛ̃.d.e.p.ɑ̃.d.ɑ̃,1,0
indépendants,z.ɛ̃.d.e.p.ɑ̃.d.ɑ̃,2,0
infantile,ɛ̃.f.ɑ̃.t.i.l,1,0
infections,ɛ̃.f.ɛ.k.s.j.ɔ̃,1,0
infini,ɛ̃.f.i.n.i,1,0
infiniment,ɛ̃.f.i.ɲ.i.m.ɑ̃,1,0
infinitum,ɛ̃.f.i.n.i.t.ø.m,1,0
infirmiers,ɛ̃.f.i.ʁ.mʲ.e,1,0
infirmière,ɛ̃.f.i.ʁ.mʲ.ɛ.ʁ,1,0
infirmières,ɛ̃.f.i.ʁ.mʲ.ɛ.ʁ,1,0
infirmières,ɛ̃.f.i.ʁ.m.j.ɛ.ʁ,1,0
inflation,ɛ̃.f.l.a.s.j.ɔ̃,1,0
infliger,ɛ̃.f.ʎ.i.ʒ.e,1,0
infligée,ɛ̃.f.ʎ.i.ʒ.e,1,0
influence,ɛ̃.f.l.y.ɑ̃.s,1,0
influencent,ɛ̃.f.l.y.ɑ̃.s,1,0
influencer,ɛ̃.f.l.y.ɑ̃.s.e,1,0
influençant,ɛ̃.f.l.y.ɑ̃.s.ɑ̃,1,0
info,ɛ̃.f.o,1,0
infonuagique,ɛ̃.f.o.n.u.a.ʒ.i.k,1,0
informait,ɛ̃.f.ɔ.ʁ.m.ɛ,1,0
informaticiens,z.ɛ̃.f.ɔ.ʁ.m.a.t.i.s.j.ɛ̃,2,0
informaticiens,z.ɛ̃.f.ɔ.ʁ.m.a.t.i.s.j.ɛ̃,12,0
information,ɛ̃.f.ɔ.ʁ.m.a.s.j.ɔ̃,1,0
informationnel,ɛ̃.f.o.ʁ.m.a.t.j.ɔ.n.ɛ.l,1,0
informationnelle,ɛ̃.f.o.ʁ.m.a.t.j.ɔ.n.ɛ.l,1,0
informationnelles,ɛ̃.f.o.ʁ.m.a.t.j.ɔ.n.ɛ.l,1,0
informations,ɛ̃.f.ɔ.ʁ.m.a.s.j.ɔ̃,1,0
informations,z.ɛ̃.f.ɔ.ʁ.m.a.s.j.ɔ̃,2,0
informatique,ɛ̃.f.ɔ.ʁ.m.a.t.i.k,1,0
informatique,n.ɛ̃.f.ɔ.ʁ.m.a.t.i.k,2,0
informatiques,ɛ̃.f.ɔ.ʁ.m.a.t.i.k,1,0
informatisation,ɛ̃.f.o.ʁ.m.a.t.i.z.a.s.j.ɔ̃,1,0
informatiser,ɛ̃.f.ɔ.ʁ.m.a.t.i.z.e,1,0
informatisé,ɛ̃.f.ɔ.ʁ.m.a.t.i.z.e,1,0
informatisé,t.ɛ̃.f.ɔ.ʁ.m.a.t.i.z.e,2,0
informatisée,ɛ̃.f.ɔ.ʁ.m.a.t.i.z.e,1,0
informatisées,ɛ̃.f.ɔ.ʁ.m.a.t.i.z.e,1,0
informatisés,ɛ̃.f.ɔ.ʁ.m.a.t.i.z.e,1,0
informatisés,t.ɛ̃.f.ɔ.ʁ.m.a.t.i.z.e,2,0
informe,ɛ̃.f.ɔ.ʁ.m,1,0
informe,z.ɛ̃.f.ɔ.ʁ.m,2,0
informelle,ɛ̃.f.ɔ.ʁ.m.ɛ.l,1,0
informent,ɛ̃.f.ɔ.ʁ.m,1,0
informer,ɛ̃.f.ɔ.ʁ.m.e,1,0
informer,z.ɛ̃.f.ɔ.ʁ.m.e,2,0
informé,ɛ̃.f.ɔ.ʁ.m.e,1,0
informée,ɛ̃.f.ɔ.ʁ.m.e,1,0
informés,ɛ̃.f.ɔ.ʁ.m.e,1,0
inforoute,ɛ̃.f.o.ʁ.u.t,1,0
infraction,ɛ̃.f.ʁ.a.k.s.j.ɔ̃,1,0
infractions,ɛ̃.f.ʁ.a.k.s.j.ɔ̃,1,0
infractions,z.ɛ̃.f.ʁ.a.k.s.j.ɔ̃,2,0
infrastructure,ɛ̃.f.ʁ.a.s.t.ʁ.y.k.t.y.ʁ,1,0
infrastructures,ɛ̃.f.ʁ.a.s.t.ʁ.y.k.t.y.ʁ,1,0
infrastructures,z.ɛ̃.f.ʁ.a.s.t.ʁ.y.k.t.y.ʁ,2,0
infrastructures,n.ɛ̃.f.ʁ.a.s.t.ʁ.y.k.t.y.ʁ,2,0
infâme,ɛ̃.f.a.m,1,0
inférieur,ɛ̃.f.e.ʁ.j.œ.ʁ,1,0
inférieurs,ɛ̃.f.e.ʁ.j.œ.ʁ,1,0
ingrédients,ɛ̃.g.ʁ.e.d.j.ɑ̃,1,0
ingénierie,ɛ̃.ʒ.e.n.i.ʁ.i,1,0
ingénieur,ɛ̃.ʒ.e.n.j.œ.ʁ,1,0
ingénieurs,ɛ̃.ʒ.e.n.j.œ.ʁ,1,0
ingénue,z.ɛ̃.ʒ.e.n.y,2,0
ingénument,n.ɛ̃.ʒ.e.n.y.m.ɑ̃,2,0
injectait,ɛ̃.ʒ.ɛ.k.t.ɛ,1,0
injectant,ɛ̃.ʒ.ɛ.k.t.ɑ̃,1,0
injecte,ɛ̃.ʒ.ɛ.k.t,1,0
injecter,ɛ̃.ʒ.ɛ.k.t.e,1,0
injection,ɛ̃.ʒ.ɛ.k.s.j.ɔ̃,1,0
injuste,ɛ̃.ʒ.y.s.t,1,0
injuste,ɛ̃.ʒ.y.s,1,0
injustement,ɛ̃.ʒ.y.s.t.ə.m.ɑ̃,1,0
injustice,ɛ̃.ʒ.y.s.t.i.s,1,0
injustices,ɛ̃.ʒ.y.s.t.i.s,1,0
inlassable,ɛ̃.l.a.s.a.b.l,1,0
inlassable,ɛ̃.l.a.s.a.b,1,0
innovatrices,ɛ̃.n.o.v.a.t.ʁ.i.s,1,0
inquiet,z.ɛ̃.k.j.ɛ,2,0
inquiets,ɛ̃.c.ɛ,1,0
inquiets,z.ɛ̃.k.j.ɛ,2,0
inquiète,ɛ̃.c.ɛ.t,1,0
inquiètes,ɛ̃.c.ɛ.t,1,0
inquiétant,ɛ̃.c.e.t.ɑ̃,1,0
inquiétant,t.ɛ̃.k.j.e.t.ɑ̃,2,0
inquiétante,ɛ̃.c.e.t.ɑ̃.t,1,0
inquiétants,ɛ̃.c.e.t.ɑ̃,1,0
inquiéter,ɛ̃.c.e.t.e,1,0
inquiétude,ɛ̃.k.j.e.t.y.d,1,0
inquiétude,ɛ̃.c.e.t.y.d,1,0
inquiétude,n.ɛ̃.k.j.e.t.y.d,2,0
inquiétudes,ɛ̃.c.e.t.y.d,1,0
inquiétudes,ɛ̃.k.j.e.t.y.d,1,0
inquiété,ɛ̃.c.e.t.e,1,0
insatisfaction,ɛ̃.s.a.t.i.s.f.a.k.s.j.ɔ̃,1,0
insatisfaits,ɛ̃.s.a.t.i.s.f.ə,1,0
insatisfaits,ɛ̃.s.a.t.i.s.f.ɛ,1,0
inscriptions,ɛ̃.s.k.ʁ.i.p.s.j.ɔ̃,1,0
inscrire,ɛ̃.s.k.ʁ.i.ʁ,1,0
inscrit,ɛ̃.s.k.ʁ.i,1,0
inscrite,ɛ̃.s.k.ʁ.i.t,1,0
inscrites,ɛ̃.s.k.ʁ.i.t,1,0
inscrits,ɛ̃.s.k.ʁ.i,1,0
insensibles,ɛ̃.s.ɑ̃.s.i.b,1,0
insensé,ɛ̃.s.ɑ̃.s.e,1,0
insensée,ɛ̃.s.ɑ̃.s.e,1,0
insensés,ɛ̃.s.ɑ̃.s.e,1,0
insidieuse,t.ɛ̃.s.i.d.j.ø.z,2,0
insignifiant,ɛ̃.s.i.ɲ.i.f.j.ɑ̃,1,0
insinuer,ɛ̃.s.i.n.ɥ.e,1,0
insiste,ɛ̃.s.i.s,1,0
insiste,ɛ̃.s.i.s.t,1,0
insister,ɛ̃.s.i.s.t.e,1,0
insisté,ɛ̃.s.i.s.t.e,1,0
insoluble,ɛ̃.s.ɔ.l.y.b.l,1,0
inspecteurs,ɛ̃.s.p.ɛ.k.t.œ.ʁ,1,0
inspection,ɛ̃.s.p.ɛ.k.s.j.ɔ̃,1,0
inspirant,ɛ̃.s.p.i.ʁ.ɑ̃,1,0
inspiration,ɛ̃.s.p.i.ʁ.a.s.j.ɔ̃,1,0
inspirer,ɛ̃.s.p.i.ʁ.e,1,0
inspirer,n.ɛ̃.s.p.i.ʁ.e,2,0
inspiré,ɛ̃.s.p.i.ʁ.e,1,0
inspiré,t.ɛ̃.s.p.i.ʁ.e,2,0
inspirés,ɛ̃.s.p.i.ʁ.e,1,0
instable,ɛ̃.s.t.a.b.l,1,0
installation,ɛ̃.s.t.a.l.a.s.j.ɔ̃,1,0
installations,ɛ̃.s.t.a.l.a.s.j.ɔ̃,1,0
installer,ɛ̃.s.t.a.l.e,1,0
installé,ɛ̃.s.t.a.l.e,1,0
installée,ɛ̃.s.t.a.l.e,1,0
installées,ɛ̃.s.t.a.l.e,1,0
installés,ɛ̃.s.t.a.l.e,1,0
instance,ɛ̃.s.t.ɑ̃.s,1,0
instances,ɛ̃.s.t.ɑ̃.s,1,0
instances,z.ɛ̃.s.t.ɑ̃.s,2,0
instant,ɛ̃.s.t.ɑ̃,1,0
instant,n.ɛ̃.s.t.ɑ̃,2,0
instants,ɛ̃.s.t.ɑ̃,1,0
instants,z.ɛ̃.s.t.ɑ̃,2,0
instar,ɛ̃.s.t.a.ʁ,1,0
instaurant,ɛ̃.s.t.ɔ.ʁ.ɑ̃,1,0
instaurer,ɛ̃.s.t.ɔ.ʁ.e,1,0
instauré,ɛ̃.s.t.ɔ.ʁ.e,1,0
instaurées,ɛ̃.s.t.o.ʁ.e,1,0
instaurés,ɛ̃.s.t.o.ʁ.e,1,0
instinctive,ɛ̃.s.t.ɛ̃.k.t.i.v,1,0
instinctive,ɛ̃.s.t.ɛ̃.k.t.i.v,4,0
institue,ɛ̃.s.t.i.t.y,1,0
institut,ɛ̃.s.t.i.t.y,1,0
institution,ɛ̃.s.t.i.t.y.s.j.ɔ̃,1,0
institutionnel,ɛ̃.s.t.i.t.y.s.j.ɔ.n.ɛ.l,1,0
institutionnel,ɛ̃.s.t.i.t.y.s.j.o.n.ɛ.l,1,0
institutionnelles,ɛ̃.s.t.i.t.y.s.j.ɔ.n.ɛ.l,1,0
institutions,ɛ̃.s.t.i.t.y.s.j.ɔ̃,1,0
institutions,z.ɛ̃.s.t.i.t.y.s.j.ɔ̃,2,0
instituée,ɛ̃.s.t.i.t.ɥ.e,1,0
instructif,z.ɛ̃.s.t.ʁ.y.k.t.i.f,2,0
instructions,ɛ̃.s.t.ʁ.y.k.s.j.ɔ̃,1,0
instrument,ɛ̃.s.t.ʁ.y.m.ɑ̃,1,0
instruments,ɛ̃.s.t.ʁ.y.m.ɑ̃,1,0
instruments,z.ɛ̃.s.t.ʁ.y.m.ɑ̃,2,0
insuffisant,ɛ̃.s.y.f.i.z.ɑ̃,1,0
insuffisante,ɛ̃.s.y.f.i.z.ɑ̃.t,1,0
insuffisantes,ɛ̃.s.y.f.i.z.ɑ̃.t,1,0
insuffisants,ɛ̃.s.y.f.i.z.ɑ̃,1,0
insuffle,ɛ̃.s.y.f.l,1,0
insultant,ɛ̃.s.y.l.t.ɑ̃,1,0
inséré,ɛ̃.s.e.ʁ.e,1,0
int,ɛ̃.t,1,0
intacte,ɛ̃.t.a.k.t,1,0
intellectuelle,ɛ̃.t.ɛ.l.ɛ.k.t.ɥ.ɛ.l,1,0
intelligence,ɛ̃.t.e.l.i.ʒ.ɑ̃.s,1,0
intelligent,ɛ̃.t.e.ʎ.i.ʒ.ɑ̃,1,0
intelligente,ɛ̃.t.e.ʎ.i.ʒ.ɑ̃.t,1,0
intelligente,ɛ̃.t.e.l.i.ʒ.ɑ̃.t,1,0
intelligentes,ɛ̃.t.e.ʎ.i.ʒ.ɑ̃.t,1,0
intelligents,ɛ̃.t.e.ʎ.i.ʒ.ɑ̃,1,0
intense,ɛ̃.t.ɑ̃.s,1,0
intense,n.ɛ̃.t.ɑ̃.s,2,0
intenses,ɛ̃.t.ɑ̃.s,1,0
intensif,ɛ̃.t.ɑ̃.s.i.f,1,0
intensifs,ɛ̃.t.ɑ̃.s.i.f,1,0
intensive,ɛ̃.t.ɑ̃.s.i.v,1,0
intention,ɛ̃.t.ɑ̃.s.j.ɔ̃,1,0
intentions,ɛ̃.t.ɑ̃.s.j.ɔ̃,1,0
intenté,ɛ̃.t.ɑ̃.t.e,1,0
inter,ɛ̃.t.ɛ.ʁ,1,0
interactifs,ɛ̃.t.ɛ.ʁ.a.k.t.i.f,1,0
interaction,ɛ̃.t.ɛ.ʁ.a.k.s.j.ɔ̃,1,0
interactions,ɛ̃.t.ɛ.ʁ.a.k.s.j.ɔ̃,1,0
interactive,ɛ̃.t.ɛ.ʁ.a.k.t.i.v,1,0
interceptées,ɛ̃.t.ɛ.ʁ.s.ɛ.p.t.e,1,0
interconnecter,ɛ̃.t.ɛ.ʁ.k.ɔ.n.ɛ.k.t.e,1,0
interconnexion,ɛ̃.t.ɛ.ʁ.k.ɔ.n.ɛ.k.s.j.ɔ̃,1,0
interdisciplinaire,ɛ̃.t.ɛ.ʁ.d.i.s.i.p.ʎ.i.n.ɛ.ʁ,1,0
interdisciplinaires,ɛ̃.t.ɛ.ʁ.d.i.s.i.p.ʎ.i.n.ɛ.ʁ,1,0
interdit,ɛ̃.t.ɛ.ʁ.d.i,1,0
intergouvernementales,ɛ̃.t.ɛ.ʁ.g.u.v.ɛ.ʁ.n.ø.m.ɑ̃.t.a.l,1,0
interminable,ɛ̃.t.ɛ.ʁ.m.i.n.a.b.l,1,0
interminables,t.ɛ̃.t.ɛ.ʁ.m.i.n.a.b,2,0
interministériel,ɛ̃.t.ɛ.ʁ.m.i.ɲ.i.s.t.e.ʁ.j.ɛ.l,1,0
interministérielle,ɛ̃.t.ɛ.ʁ.m.i.ɲ.i.s.t.e.ʁ.j.ɛ.l,1,0
intermédiaire,ɛ̃.t.ɛ.ʁ.m.e.d.j.ɛ.ʁ,1,0
international,ɛ̃.t.ɛ.ʁ.n.a.s.j.o.n.a.l,1,0
international,ɛ̃.t.ɛ.ʁ.n.a.s.j.ɔ.n.a.l,1,0
internationale,ɛ̃.t.ɛ.ʁ.n.a.s.j.ɔ.n.a.l,1,0
internationale,ɛ̃.t.ɛ.ʁ.n.a.s.j.o.n.a.l,1,0
internationalement,ɛ̃.t.ɛ.ʁ.n.a.s.j.ɔ.n.a.l.m.ɑ̃,1,0
internationales,ɛ̃.t.ɛ.ʁ.n.a.s.j.ɔ.n.a.l,1,0
internationales,ɛ̃.t.ɛ.ʁ.n.a.s.j.o.n.a.l,1,0
internationaux,ɛ̃.t.ɛ.ʁ.n.a.s.j.ɔ.n.o,1,0
internationaux,ɛ̃.t.ɛ.ʁ.n.a.s.j.o.n.o,1,0
interne,ɛ̃.t.ɛ.ʁ.n,1,0
internes,ɛ̃.t.ɛ.ʁ.n,1,0
internet,ɛ̃.t.ɛ.ʁ.n.ɛ.t,1,0
interopérabilité,ɛ̃.t.ɛ.ʁ.ɔ.p.e.ʁ.a.b.i.l.i.t.e,1,0
interparlementaire,ɛ̃.t.ɛ.ʁ.p.a.ʁ.l.ø.m.ɑ̃.t.ɛ.ʁ,1,0
interparlementaires,ɛ̃.t.ɛ.ʁ.p.a.ʁ.l.ø.m.ɑ̃.t.ɛ.ʁ,1,0
interpellait,z.ɛ̃.t.ɛ.ʁ.p.ɛ.l.ɛ,2,0
interpellation,ɛ̃.t.ɛ.ʁ.p.e.l.a.s.j.ɔ̃,1,0
interpelle,ɛ̃.t.ɛ.ʁ.p.ɛ.l,1,0
interpeller,ɛ̃.t.ɛ.ʁ.p.ə.l.e,1,0
interpellé,t.ɛ̃.t.ɛ.ʁ.p.e.l.e,2,0
interpellé,ɛ̃.t.ɛ.ʁ.p.e.l.e,1,0
interpellé,ɛ̃.t.ɛ.ʁ.p.ɛ.l.e,1,0
interpellés,ɛ̃.t.ɛ.ʁ.p.ɛ.l.e,1,0
interpelées,ɛ̃.t.ɛ.ʁ.p.ə.l.e,1,0
interpréter,ɛ̃.t.ɛ.ʁ.p.ʁ.e.t.e,1,0
interrelations,z.ɛ̃.t.ɛ.ʁ.ʁ.ə.l.a.s.j.ɔ̃,2,0
interrogations,ɛ̃.t.ɛ.ʁ.ɔ.ɡ.a.s.j.ɔ̃,1,0
interroge,ɛ̃.t.ɛ.ʁ.ɔ.ʒ,1,0
interrogeons,ɛ̃.t.ɛ.ʁ.ɔ.ʒ.ɔ̃,1,0
interrogé,ɛ̃.t.ɛ.ʁ.ɔ.ʒ.e,1,0
interrompre,ɛ̃.t.ɛ.ʁ.ɔ̃.p,1,0
interrégional,ɛ̃.t.ɛ.ʁ.e.ʒ.j.ɔ.n.a.l,1,0
interrégionale,ɛ̃.t.ɛ.ʁ.e.ʒ.j.ɔ.n.a.l,1,0
interurbain,ɛ̃.t.ɛ.ʁ.y.ʁ.b.ɛ̃,1,0
interurbain,ɛ̃.t.ɛ.ʁ.y.ʁ.b.ɛ̃,8,0
interurbains,ɛ̃.t.ɛ.ʁ.y.ʁ.b.ɛ̃,1,0
interurbains,ɛ̃.t.ɛ.ʁ.y.ʁ.b.ɛ̃,8,0
intervenant,ɛ̃.t.ɛ.ʁ.v.ə.n.ɑ̃,1,0
intervenante,ɛ̃.t.ɛ.ʁ.v.ə.n.ɑ̃.t,1,0
intervenants,z.ɛ̃.t.ɛ.ʁ.v.ə.n.ɑ̃,2,0
intervenants,ɛ̃.t.ɛ.ʁ.v.ə.n.ɑ̃,1,0
intervenir,ɛ̃.t.ɛ.ʁ.v.ə.n.i.ʁ,1,0
intervenir,ɛ̃.t.ɛ.ʁ.v.ə.ɲ.i.ʁ,1,0
intervention,ɛ̃.t.ɛ.ʁ.v.ɑ̃.s.j.ɔ̃,1,0
intervention,z.ɛ̃.t.ɛ.ʁ.v.ɑ̃.s.j.ɔ̃,2,0
intervention,n.ɛ̃.t.ɛ.ʁ.v.ɑ̃.s.j.ɔ̃,2,0
interventions,z.ɛ̃.t.ɛ.ʁ.v.ɑ̃.s.j.ɔ̃,2,0
interventions,ɛ̃.t.ɛ.ʁ.v.ɑ̃.s.j.ɔ̃,1,0
intervenu,ɛ̃.t.ɛ.ʁ.v.ə.n.y,1,0
intervenue,t.ɛ̃.t.ɛ.ʁ.v.ə.n.y,2,0
intervenues,ɛ̃.t.ɛ.ʁ.v.ə.n.y,1,0
intervenus,ɛ̃.t.ɛ.ʁ.v.ə.n.y,1,0
intervienne,ɛ̃.t.ɛ.ʁ.v.j.ɛ.n,1,0
interviennent,ɛ̃.t.ɛ.ʁ.v.j.ɛ.n,1,0
interviens,ɛ̃.t.ɛ.ʁ.v.j.ɛ̃,1,0
interviens,ɛ̃.t.ɛ.ʁ.v.j.ɛ̃,7,0
intervient,ɛ̃.t.ɛ.ʁ.v.j.ɛ̃,1,0
intervient,ɛ̃.t.ɛ.ʁ.v.j.ɛ̃,7,0
interview,ɛ̃.t.ɛ.ʁ.v.j.u,1,0
intimement,ɛ̃.t.i.m.ɑ̃,1,0
intimes,ɛ̃.t.i.m,1,0
intimidation,ɛ̃.t.i.m.i.d.a.s.j.ɔ̃,1,0
intitulé,ɛ̃.t.i.t.y.l.e,1,0
intolérable,ɛ̃.t.o.l.e.ʁ.a.b,1,0
intrinsèque,ɛ̃.t.ʁ.ɛ̃.s.ɛ.k,1,0
intrinsèque,ɛ̃.t.ʁ.ɛ̃.s.ɛ.k,4,0
introduction,ɛ̃.t.ʁ.o.d.y.k.s.j.ɔ̃,1,0
introduction,n.ɛ̃.t.ʁ.o.d.y.k.s.j.ɔ̃,2,0
introduction,ɛ̃.t.ʁ.ɔ.d.y.k.s.j.ɔ̃,1,0
introduirait,ɛ̃.t.ʁ.o.d.ɥ.i.ʁ.ɛ,1,0
introduire,ɛ̃.t.ʁ.ɔ.d.ɥ.i.ʁ,1,0
introduire,ɛ̃.t.ʁ.o.d.ɥ.i.ʁ,1,0
introduisait,ɛ̃.t.ʁ.o.d.ɥ.i.z.ɛ,1,0
introduit,ɛ̃.t.ʁ.o.d.ɥ.i,1,0
introduit,ɛ̃.t.ʁ.ɔ.d.ɥ.i,1,0
introduite,ɛ̃.t.ʁ.o.d.ɥ.i.t,1,0
intuitifs,ɛ̃.t.ɥ.i.t.i.f,1,0
intègre,ɛ̃.t.ɛ.ɡ.ʁ,1,0
intègre,ɛ̃.t.ɛ.ɡ.ʁ.ə,1,0
intègrent,ɛ̃.t.ɛ.g,1,0
intégrale,ɛ̃.t.e.ɡ.ʁ.a.l,1,0
intégralité,ɛ̃.t.e.ɡ.ʁ.a.ʎ.i.t.e,1,0
intégrant,n.ɛ̃.t.e.g.ʁ.ɑ̃,2,0
intégrante,ɛ̃.t.e.ɡ.ʁ.ɑ̃.t,1,0
intégrante,ɛ̃.t.e.g.ʁ.ɑ̃.t,1,0
intégration,ɛ̃.t.e.ɡ.ʁ.a.s.j.ɔ̃,1,0
intégration,ɛ̃.t.e.g.ʁ.a.s.j.ɔ̃,1,0
intégrer,ɛ̃.t.e.ɡ.ʁ.e,1,0
intégrité,ɛ̃.t.e.g.ʁ.i.t.e,1,0
intégré,ɛ̃.t.e.ɡ.ʁ.e,1,0
intégré,ɛ̃.t.e.g.ʁ.e,1,0
intégrée,ɛ̃.t.e.g.ʁ.e,1,0
intégrée,ɛ̃.t.e.ɡ.ʁ.e,1,0
intégrées,ɛ̃.t.e.ɡ.ʁ.e,1,0
intégrés,ɛ̃.t.e.g.ʁ.e,1,0
intégrés,ɛ̃.t.e.ɡ.ʁ.e,1,0
intéressait,ɛ̃.t.e.ʁ.ɛ.s.ɛ,1,0
intéressant,ɛ̃.t.e.ʁ.ɛ.s.ɑ̃,1,0
intéressant,t.ɛ̃.t.e.ʁ.ɛ.s.ɑ̃,2,0
intéressante,ɛ̃.t.e.ʁ.ɛ.s.ɑ̃.t,1,0
intéressante,z.ɛ̃.t.e.ʁ.ɛ.s.ɑ̃.t,2,0
intéressantes,ɛ̃.t.e.ʁ.ɛ.s.ɑ̃.t,1,0
intéressantes,ɛ̃.t.e.ʁ.ɑ̃.t,1,0
intéressants,ɛ̃.t.e.ʁ.ɛ.s.ɑ̃,1,0
intéressants,ɛ̃.t.e.ʁ.ɑ̃,1,0
intéresse,ɛ̃.t.e.ʁ.ɛ.s,1,0
intéresser,ɛ̃.t.e.ʁ.ɛ.s.e,1,0
intéressé,ɛ̃.t.e.ʁ.ɛ.s.e,1,0
intéressé,ɛ̃.t.e.ʁ.e.s.e,1,0
intéressées,ɛ̃.t.e.ʁ.e.s.e,1,0
intéressés,ɛ̃.t.e.ʁ.e.s.e,1,0
intéressés,ɛ̃.t.e.ʁ.s.e,1,0
intéressés,t.ɛ̃.t.e.ʁ.e.s.e,2,0
intéressés,z.ɛ̃.t.e.ʁ.e.s.e,2,0
intérieur,ɛ̃.t.e.ʁ.j.œ.ʁ,1,0
intérieurs,z.ɛ̃.t.e.ʁ.j.œ.ʁ,2,0
intérimaire,ɛ̃.t.e.ʁ.i.m.ɛ.ʁ,1,0
intérêt,ɛ̃.t.e.ʁ.ɛ,1,0
intérêt,n.ɛ̃.t.e.ʁ.ɛ,2,0
intérêts,ɛ̃.t.e.ʁ.ɛ,1,0
intérêts,z.ɛ̃.t.e.ʁ.ɛ,2,0
invalide,ɛ̃.v.a.ʎ.i.d,1,0
invalidité,ɛ̃.v.a.l.i.d.i.t.e,1,0
inventaire,n.ɛ̃.v.ɑ̃.t.ɛ.ʁ,2,0
inventaire,ɛ̃.v.ɑ̃.t.ɛ.ʁ,1,0
inventaires,ɛ̃.v.ɑ̃.t.ɛ.ʁ,1,0
inventaires,z.ɛ̃.v.ɑ̃.t.ɛ.ʁ,2,0
invente,ɛ̃.v.ɑ̃.t,1,0
invention,ɛ̃.v.ɑ̃.s.j.ɔ̃,1,0
inventorié,ɛ̃.v.ɑ̃.t.o.ʁ.j.e,1,0
inventé,ɛ̃.v.ɑ̃.t.e,1,0
inverse,ɛ̃.v.ɛ.ʁ.s,1,0
investi,ɛ̃.v.ɛ.s.t.i,1,0
investi,t.ɛ̃.v.ɛ.s.t.i,2,0
investie,ɛ̃.v.ɛ.s.t.i,1,0
investies,ɛ̃.v.ɛ.s.t.i,1,0
investir,ɛ̃.v.ɛ.s.t.i.ʁ,1,0
investis,ɛ̃.v.ɛ.s.t.i.s,1,0
investis,t.ɛ̃.v.ɛ.s.t.i,2,0
investissant,ɛ̃.v.ɛ.s.t.i.s.ɑ̃,1,0
investissant,n.ɛ̃.v.ɛ.s.t.i.s.ɑ̃,2,0
investissement,ɛ̃.v.ɛ.s.t.i.s.m.ɑ̃,1,0
investissement,n.ɛ̃.v.ɛ.s.t.i.s.m.ɑ̃,2,0
investissements,z.ɛ̃.v.ɛ.s.t.i.s.m.ɑ̃,2,0
investissements,ɛ̃.v.ɛ.s.t.i.s.m.ɑ̃,1,0
investissent,ɛ̃.v.ɛ.s.t.i.s,1,0
investisseurs,ɛ̃.v.ɛ.s.t.i.s.œ.ʁ,1,0
investissons,z.ɛ̃.v.ɛ.s.t.i.s.ɔ̃,2,0
investit,ɛ̃.v.ɛ.s.t.i,1,0
investit,n.ɛ̃.v.ɛ.s.t.i,2,0
invitation,ɛ̃.v.i.t.a.s.j.ɔ̃,1,0
invite,ɛ̃.v.i.t,1,0
inviter,ɛ̃.v.i.t.e,1,0
inviter,z.ɛ̃.v.i.t.e,2,0
inviterais,ɛ̃.v.i.t.ʁ.ɛ,1,0
invité,ɛ̃.v.i.t.e,1,0
invités,ɛ̃.v.i.t.e,1,0
invoquer,ɛ̃.v.o.k.e,1,0
invoqué,ɛ̃.v.ɔ.c.e,1,0
invoquées,ɛ̃.v.ɔ.c.e,1,0
invoqués,ɛ̃.v.o.k.e,1,0
invoqués,z.ɛ̃.v.o.k.e,2,0
invraisemblable,ɛ̃.v.ʁ.ɛ.s.ɑ̃.b.l.a.b,1,0
inégalitaire,ɛ̃.n.e.g.a.l.i.t.ɛ.ʁ,1,0
j'inclus,ʒ.ɛ̃.k.l.y,2,0
j'insiste,ʒ.ɛ̃.s.i.s.t,2,0
j'invente,ʒ.ɛ̃.v.ɑ̃.t,2,0
j'invite,ʒ.ɛ̃.v.i.t,2,0
jardin,ʒ.a.ʁ.d.ɛ̃,5,0
jobin,ʒ.o.b.ɛ̃,4,0
joindre,ʒ.w.ɛ̃.d.ʁ,3,0
joindre,ʒ.w.ɛ̃.d.ʁ.ə,3,0
joindre,ʒ.w.ɛ̃.d,3,0
joint,ʒ.w.ɛ̃,3,0
joints,ʒ.w.ɛ̃,3,0
juin,ʒ.w.ɛ̃,3,1
juin,ʒ.y.ɛ̃,3,1
juin,ʒ.ɥ.ɛ̃,3,1
julien,ʒ.y.ʎ.ɛ̃,4,0
l'agenda,l.a.ʒ.ɛ̃.d.a,4,0
l'ancien,l.ɑ̃.s.j.ɛ̃,5,0
l'atteinte,l.a.t.ɛ̃.t,4,0
l'emprunt,l.ɑ̃.p.ʁ.ɛ̃,5,1
l'entretien,l.ɑ̃.t.ʁ.ə.t.j.ɛ̃,8,0
l'impact,l.ɛ̃.p.a.k.t,2,0
l'impact,l..ɛ̃.p.a.k.t,3,0
l'implantation,l.ɛ̃.p.l.ɑ̃.t.a.s.j.ɔ̃,2,0
l'implication,l.ɛ̃.p.ʎ.i.k.a.s.j.ɔ̃,2,0
l'importance,l.ɛ̃.p.ɔ.ʁ.t.ɑ̃.s,2,0
l'important,l.ɛ̃.p.ɔ.ʁ.t.ɑ̃,2,0
l'imposition,l.ɛ̃.p.o.z.i.s.j.ɔ̃,2,0
l'impression,l.ɛ̃.p.ʁ.e.s.j.ɔ̃,2,0
l'impression,l.ɛ̃.p.ʁ.ɛ.s.j.ɔ̃,2,0
l'improvisation,l.ɛ̃.p.ʁ.ɔ.v.i.z.a.s.j.ɔ̃,2,0
l'impulsion,l.ɛ̃.p.y.l.s.j.ɔ̃,2,0
l'impôt,l.ɛ̃.p.o,2,0
l'incertitude,l.ɛ̃.s.ɛ.ʁ.t.i.t.y.d,2,0
l'incohérence,l.ɛ̃.k.ɔ.e.ʁ.ɑ̃.s,2,0
l'inconvénient,l.ɛ̃.k.ɔ̃.v.e.ɲ.ɑ̃,2,0
l'indexation,l.ɛ̃.d.ɛ.k.s.a.s.j.ɔ̃,2,0
l'indice,l.ɛ̃.d.i.s,2,0
l'industrie,l.ɛ̃.d.y.s.t.ʁ.i,2,0
l'industriel,l.ɛ̃.d.y.s.t.ʁ.i.j.ɛ.l,2,0
l'indépendance,l.ɛ̃.d.e.p.ɑ̃.d.ɑ̃.s,2,0
l'infirmière,l.ɛ̃.f.i.ʁ.mʲ.ɛ.ʁ,2,0
l'inflation,l.ɛ̃.f.l.a.s.j.ɔ̃,2,0
l'influence,l.ɛ̃.f.l.y.ɑ̃.s,2,0
l'influencer,l.ɛ̃.f.l.y.ɑ̃.s.e,2,0
l'information,l.ɛ̃.f.ɔ.ʁ.m.a.s.j.ɔ̃,2,0
l'informer,l.ɛ̃.f.ɔ.ʁ.m.e,2,0
l'infrastructure,l.ɛ̃.f.ʁ.a.s.t.ʁ.y.k.t.y.ʁ,2,0
l'ingénierie,l.ɛ̃.ʒ.e.ɲ.i.ʁ.i,2,0
l'injection,l.ɛ̃.ʒ.ɛ.k.s.j.ɔ̃,2,0
l'inquiétude,l.ɛ̃.c.e.t.y.d,2,0
l'insatisfaction,l.ɛ̃.s.a.t.i.s.f.a.k.s.j.ɔ̃,2,0
l'inscription,l.ɛ̃.s.k.ʁ.i.p.s.j.ɔ̃,2,0
l'inscrire,l.ɛ̃.s.k.ʁ.i.ʁ,2,0
l'insertion,l.ɛ̃.s.ɛ.ʁ.s.j.ɔ̃,2,0
l'installation,l.ɛ̃.s.t.a.l.a.s.j.ɔ̃,2,0
l'instant,l.ɛ̃.s.t.ɑ̃,2,0
l'instar,l.ɛ̃.s.t.a.ʁ,2,0
l'institut,l.ɛ̃.s.t.i.t.y,2,0
l'institution,l.ɛ̃.s.t.i.t.y.s.j.ɔ̃,2,0
l'instruction,l.ɛ̃.s.t.ʁ.y.k.s.j.ɔ̃,2,0
l'insécurité,l.ɛ̃.s.e.k.y.ʁ.i.t.e,2,0
l'intelligence,l.ɛ̃.t.e.ʎ.i.ʒ.ɑ̃.s,2,0
l'intention,l.ɛ̃.t.ɑ̃.s.j.ɔ̃,2,0
l'interdiction,l.ɛ̃.t.ɛ.ʁ.d.i.k.s.j.ɔ̃,2,0
l'intermède,l.ɛ̃.t.ɛ.ʁ.m.ɛ.d,2,0
l'international,l.ɛ̃.t.ɛ.ʁ.n.a.s.j.ɔ.n.a.l,2,0
l'internationale,l.ɛ̃.t.ɛ.ʁ.n.a.s.j.ɔ.n.a.l,2,0
l'interne,l.ɛ̃.t.ɛ.ʁ.n,2,0
l'internet,l.ɛ̃.t.ɛ.ʁ.n.ɛ.t,2,0
l'interpellation,l.ɛ̃.t.ɛ.ʁ.p.e.l.a.s.j.ɔ̃,2,0
l'interpelle,l.ɛ̃.t.ɛ.ʁ.p.ɛ.l,2,0
l'interprète,l.ɛ̃.t.ɛ.ʁ.p.ʁ.ɛ.t,2,0
l'intime,l.ɛ̃.t.i.m,2,0
l'intimidation,l.ɛ̃.t.i.m.i.d.a.s.j.ɔ̃,2,0
l'intitulé,l.ɛ̃.t.i.t.y.l.e,2,0
l'intransigeance,l.ɛ̃.t.ʁ.ɑ̃.z.i.ʒ.ɑ̃.s,2,0
l'introduction,l.ɛ̃.t.ʁ.ɔ.d.y.k.s.j.ɔ̃,2,0
l'intégration,l.ɛ̃.t.e.ɡ.ʁ.a.s.j.ɔ̃,2,0
l'intégrité,l.ɛ̃.t.e.ɡ.ʁ.i.t.e,2,0
l'intéresse,l.ɛ̃.t.e.ʁ.ɛ.s,2,0
l'intérieur,l.ɛ̃.t.e.ʁ.j.œ.ʁ,2,0
l'intérêt,l.ɛ̃.t.e.ʁ.ɛ,2,0
l'inverse,l.ɛ̃.v.ɛ.ʁ.s,2,0
l'investissement,l.ɛ̃.v.ɛ.s.t.i.s.m.ɑ̃,2,0
l'investissements,l.ɛ̃.v.ɛ.s.t.i.s.m.ɑ̃,2,0
l'invitation,l.ɛ̃.v.i.t.a.s.j.ɔ̃,2,0
l'invite,l.ɛ̃.v.i.t,2,0
l'un,l.ɛ̃,2,1
l'écrivain,l.e.k.ʁ.i.v.ɛ̃,7,0
l'éolien,l.e.ɔ.ʎ.ɛ̃,5,0
lafontaine,l.a.f.ɔ.n.t.ɛ̃.n,7,0
lapointe,l.a.p.w.ɛ̃.t,5,0
lavalin,l.a.v.a.l.ɛ̃,6,0
lendemain,l.ɑ̃.d.m.ɛ̃,5,0
lendemains,l.ɑ̃.d.m.ɛ̃,5,0
lien,ʎ.ɛ̃,2,0
lien,l.j.ɛ̃,3,0
liens,l.j.ɛ̃,3,0
liens,ʎ.ɛ̃,2,0
linch,l.ɛ̃.ʃ,2,0
linguistique,l.ɛ̃.ɡ.ɥ.i.s.t.i.k,2,0
linguistique,l.ɛ̃.ɡ.w.i.s.t.i.k,2,0
loin,l.w.ɛ̃,3,0
lointain,l.w.ɛ̃.t.ɛ̃,3,0
lointain,l.w.ɛ̃.t.ɛ̃,5,0
lointaine,l.w.ɛ̃.t.ɛ.n,3,0
lorsqu'un,l.ɔ.ʁ.s.k.ɛ̃,6,1
lucien,l.y.s.j.ɛ̃,5,0
lundi,l.ɛ̃.d.i,2,1
m'impliquer,m.ɛ̃.p.ʎ.i.c.e,2,0
m'incitait,m.ɛ̃.s.i.t.ɛ,2,0
m'indique,m.ɛ̃.d.i.k,2,0
m'informe,m.ɛ̃.f.ɔ.ʁ.m,2,0
m'inquiète,m.ɛ̃.c.ɛ.t,2,0
m'inscrire,m.ɛ̃.s.k.ʁ.i.ʁ,2,0
m'inscrivant,m.ɛ̃.s.k.ʁ.i.v.ɑ̃,2,0
m'inspire,m.ɛ̃.s.p.i.ʁ,2,0
m'interpelle,m.ɛ̃.t.ɛ.ʁ.p.ɛ.l,2,0
m'interpellent,m.ɛ̃.t.ɛ.ʁ.p.ɛ.l,2,0
m'intéresse,m.ɛ̃.t.e.ʁ.ɛ.s,2,0
m'intéressent,m.ɛ̃.t.e.ʁ.ɛ.s.t.a.s,2,0
m'investir,m.ɛ̃.v.ɛ.s.t.i.ʁ,2,0
magasin,m.a.ɡ.a.z.ɛ̃,6,0
main,m.ɛ̃,2,0
mains,m.ɛ̃,2,0
maintenant,m.ɛ̃.t.n.ɑ̃,2,0
maintenez,m.ɛ̃.t.n.e,2,0
maintenir,m.ɛ̃.t.n.i.ʁ,2,0
maintenir,m.ɛ̃.t.ɲ.i.ʁ,2,0
maintenu,m.ɛ̃.t.n.y,2,0
maintenue,m.ɛ̃.t.n.y,2,0
maintes,m.ɛ̃.t,2,0
maintien,m.ɛ̃.t.j.ɛ̃,2,0
maintien,m.ɛ̃.t.j.ɛ̃,5,0
maintient,m.ɛ̃.t.j.ɛ̃,2,0
maintient,m.ɛ̃.t.j.ɛ̃,5,0
maints,m.ɛ̃,2,0
marcellin,m.a.ʁ.s.ɛ.l.ɛ̃,7,0
marin,m.a.ʁ.ɛ̃,4,0
marins,m.a.ʁ.ɛ̃,4,0
martin,m.a.ʁ.t.ɛ̃,5,0
maskoutains,m.a.s.k.u.t.ɛ̃,7,0
matin,m.a.t.ɛ̃,4,0
matins,m.a.t.ɛ̃,4,0
mien,mʲ.ɛ̃,2,0
mien,m.j.ɛ̃,3,0
miens,mʲ.ɛ̃,2,0
mince,m.ɛ̃.s,2,0
minces,m.ɛ̃.s,2,0
minceur,m.ɛ̃.s.œ.ʁ,2,0
moindre,m.w.ɛ̃.d.ʁ,3,0
moindre,m.w.ɛ̃.d.ʁ.ə,3,0
moins,m.w.ɛ̃,3,0
morin,m.ɔ.ʁ.ɛ̃,4,0
morin,m.o.ʁ.ɛ̃,4,0
moulins,m.u.l.ɛ̃,4,0
mountains,m.u.ɛ̃.t.ɛ̃,3,0
mountains,m.u.ɛ̃.t.ɛ̃,5,0
moyen,m.w.a.j.ɛ̃,5,0
moyens,m.w.a.j.ɛ̃,5,0
musicien,m.y.z.i.s.j.ɛ̃,7,0
musiciens,m.y.z.i.s.j.ɛ̃,7,0
mécanicien,m.e.k.a.ɲ.i.s.j.ɛ̃,9,0
médecin,m.e.d.s.ɛ̃,5,0
médecin,m.ɛ.d.s.ɛ̃,5,0
médecins,m.e.d.s.ɛ̃,5,0
médecins,m.ɛ.d.s.ɛ̃,5,0
métropolitain,m.e.t.ʁ.ɔ.p.ɔ.ʎ.i.t.ɛ̃,11,0
n'importe,n.ɛ̃.p.ɔ.ʁ.t,2,0
n'impose,n.ɛ̃.p.o.z,2,0
n'investit,n.ɛ̃.v.ɛ.s.t.i,2,0
néanmoins,n.e.ɑ̃.m.w.ɛ̃,6,0
obtiendront,ɔ.p.t.j.ɛ̃.d.ʁ.ɔ̃,5,0
obtient,ɔ.p.t.j.ɛ̃,5,0
olympique,ɔ.l.ɛ̃.p.i.k,3,0
olympiques,ɔ.l.ɛ̃.p.i.k,3,0
ontarien,ɔ̃.t.a.ʁ.j.ɛ̃,6,0
opportun,ɔ.p.ɔ.ʁ.t.ɛ̃,6,1
opportunités,ɔ.p.ɔ.ʁ.t.ɛ̃.i.t.e,6,0
orphelins,ɔ.ʁ.f.ə.l.ɛ̃,6,0
orsainville,ɔ.ʁ.s.ɛ̃.v.i.l,4,0
painchaud,p.ɛ̃.ʃ.o,2,0
palestiniens,p.a.l.ɛ.s.t.i.n.j.ɛ̃,10,0
parviendra,p.a.ʁ.v.j.ɛ̃.d.ʁ.a,6,0
parviendrons,p.a.ʁ.v.j.ɛ̃.d.ʁ.ɔ̃,6,0
parvient,p.a.ʁ.v.j.ɛ̃,6,0
paulin,p.o.l.ɛ̃,4,0
peintres,p.ɛ̃.t.ʁ.ə,2,0
peinture,p.ɛ̃.t.y.ʁ,2,0
pharmaciens,f.a.ʁ.m.a.s.j.ɛ̃,8,0
pins,p.ɛ̃,2,0
plaindre,p.l.ɛ̃.d.ʁ,3,0
plaintes,p.l.ɛ̃.t,3,0
plein,p.l.ɛ̃,3,0
point,p.w.ɛ̃,3,0
pointe,p.w.ɛ̃.t,3,0
pointent,p.w.ɛ̃.t,3,0
pointes,p.w.ɛ̃.t,3,0
points,p.w.ɛ̃,3,0
pointés,p.w.ɛ̃.t.e,3,0
poinçonné,p.w.ɛ̃.s.o.n.e,3,0
politicien,p.o.l.i.t.i.s.j.ɛ̃,9,0
politicien,p.ɔ.ʎ.i.t.i.s.j.ɛ̃,9,0
politiciens,p.ɔ.ʎ.i.t.i.s.j.ɛ̃,9,0
poulin,p.u.l.ɛ̃,4,0
prince,p.ʁ.ɛ̃.s,3,0
principal,p.ʁ.ɛ̃.s.i.p.a.l,3,0
principale,p.ʁ.ɛ̃.s.i.p.a.l,3,0
principalement,p.ʁ.ɛ̃.s.i.p.a.l.m.ɑ̃,3,0
principales,p.ʁ.ɛ̃.s.i.p.a.l,3,0
principaux,p.ʁ.ɛ̃.s.i.p.o,3,0
principe,p.ʁ.ɛ̃.s.i.p,3,0
principes,p.ʁ.ɛ̃.s.i.p,3,0
printanières,p.ʁ.ɛ̃.t.a.ɲ.ɛ.ʁ,3,0
printemps,p.ʁ.ɛ̃.t.ɑ̃,3,0
prochain,p.ʁ.ɔ.ʃ.ɛ̃,5,0
prochain,p.ʁ.o.ʃ.ɛ̃,5,0
prochains,p.ʁ.o.ʃ.ɛ̃,5,0
prochains,p.ʁ.ɔ.ʃ.ɛ̃,5,0
proviendront,p.ʁ.ɔ.v.j.ɛ̃.d.ʁ.ɔ̃,6,0
provient,p.ʁ.o.v.j.ɛ̃,6,0
province,p.ʁ.ɔ.v.ɛ̃.s,5,0
province,p.ʁ.o.v.ɛ̃.s,5,0
provinces,p.ʁ.o.v.ɛ̃.s,5,0
provinces,p.ʁ.ɔ.v.ɛ̃.s,5,0
provincial,p.ʁ.ɔ.v.ɛ̃.s.j.a.l,5,0
provinciale,p.ʁ.ɔ.v.ɛ̃.s.j.a.l,5,0
provinciales,p.ʁ.ɔ.v.ɛ̃.s.j.a.l,5,0
provinciaux,p.ʁ.ɔ.v.ɛ̃.s.j.o,5,0
préviens,p.ʁ.e.v.j.ɛ̃,6,0
pétrin,p.e.t.ʁ.ɛ̃,5,0
qu'aucun,k.o.c.ɛ̃,4,1
qu'enfin,k.ɑ̃.f.ɛ̃,4,0
qu'individus,k.ɛ̃.d.i.v.i.d.y,2,0
qu'inspirantes,k.ɛ̃.s.p.i.ʁ.ɑ̃.t,2,0
qu'intervenant,k.ɛ̃.t.ɛ.ʁ.v.ə.n.ɑ̃,2,0
qu'investir,k.ɛ̃.v.ɛ.s.t.i.ʁ,2,0
qu'invoque,k.ɛ̃.v.ɔ.k,2,0
qu'un,c.ɛ̃,2,1
quarante-cinq,k.a.ʁ.ɑ̃.t.s.ɛ̃.k,7,0
quatre-vingt,k.a.t.ʁ.ə.v.ɛ̃,7,0
quatre-vingt-cinq,k.a.t.ʁ.ə.v.ɛ̃.s.ɛ̃.k,7,0
quatre-vingt-cinq,k.a.t.ʁ.ə.v.ɛ̃.s.ɛ̃.k,9,0
quatre-vingt-deux,k.a.t.ʁ.ə.v.ɛ̃.d.ø,7,0
quatre-vingt-dix,k.a.t.ʁ.ə.v.ɛ̃.d.i.s,7,0
quatre-vingt-neuf,k.a.t.ʁ.ə.v.ɛ̃.n.œ.f,7,0
quatre-vingt-sept,k.a.t.ʁ.ə.v.ɛ̃.s.ɛ.t,7,0
quatre-vingt-trois,k.a.t.ʁ.ə.v.ɛ̃.t.ʁ.w.a,7,0
quatre-vingt-un,k.a.t.ʁ.ə.v.ɛ̃.œ̃,7,1
quelqu'un,c.ɛ.l.c.ɛ̃,5,1
quincaillerie,c.ɛ̃.k.ɑ.j.ʁ.i,2,0
quinquennal,c.ɛ̃.c.e.n.a.l,2,0
quinquennale,k.ɛ̃.k.ø.n.a.l,2,0
quinzaine,c.ɛ̃.z.ɛ.n,2,0
quinze,k.ɛ̃.z,2,0
quinze,c.ɛ̃.z,2,0
quotidien,k.o.t.i.d.j.ɛ̃,7,0
quotidien,k.ɔ.t.i.d.j.ɛ̃,7,0
quotidiens,k.ɔ.t.i.d.j.ɛ̃,7,0
reins,ʁ.ɛ̃,2,0
rejoindre,ʁ.ə.ʒ.w.ɛ̃.d.ʁ,5,0
rejoindront,ʁ.ə.ʒ.w.ɛ̃.d.ʁ.ɔ̃,5,0
rejoins,ʁ.ə.ʒ.w.ɛ̃,5,0
rejoint,ʁ.ə.ʒ.w.ɛ̃,5,0
rejointes,ʁ.ə.ʒ.w.ɛ̃.t,5,0
requins,ʁ.ə.c.ɛ̃,4,0
restreindre,ʁ.ɛ.s.t.ʁ.ɛ̃.d.ʁ,6,0
restreint,ʁ.ɛ.s.t.ʁ.ɛ̃,6,0
retiendra,ʁ.ə.t.j.ɛ̃.d.ʁ.a,5,0
retient,ʁ.ə.t.j.ɛ̃,5,0
reviendra,ʁ.ə.v.j.ɛ̃.d.ʁ.a,5,0
reviendrai,ʁ.ə.v.j.ɛ̃.d.ʁ.ɛ,5,0
reviendrai,ʁ.ə.v.j.ɛ̃.d.ʁ.e,5,0
reviens,ʁ.ə.v.j.ɛ̃,5,0
revient,ʁ.ə.v.j.ɛ̃,5,0
rien,ʁ.j.ɛ̃,3,0
riverains,ʁ.i.v.ʁ.ɛ̃,5,0
règnera,ʁ.ɛ̃.ɲ.ø.ʁ.a,2,0
réexamen,ʁ.e.ɛ.g.z.a.m.ɛ̃,8,0
réingénierie,ʁ.e.ɛ̃.ʒ.e.n.j.ɛ.ʁ,3,0
réingénérie,ʁ.e.ɛ̃.ʒ.e.n.e.ʁ.i,3,0
réinsertion,ʁ.e.ɛ̃.s.ɛ.ʁ.s.j.ɔ̃,3,0
réinsuffler,ʁ.e.ɛ̃.s.u.f.l.e,3,0
réintégration,ʁ.e.ɛ̃.t.e.ɡ.ʁ.a.s.j.ɔ̃,3,0
réintégrer,ʁ.e.ɛ̃.t.e.ɡ.ʁ.e,3,0
réintégrer,ʁ.e.ɛ̃.t.e.g.ʁ.e,3,0
réintégré,ʁ.e.ɛ̃.t.e.ɡ.ʁ.e,3,0
réinventer,ʁ.e.ɛ̃.v.ɑ̃.t.e,3,0
réinventée,ʁ.e.ɛ̃.v.ɑ̃.t.e,3,0
réinvesties,ʁ.e.ɛ̃.v.ɛ.s.t.i,3,0
réinvestir,ʁ.e.ɛ̃.v.ɛ.s.t.i.ʁ,3,0
s'impliquaient,s.ɛ̃.p.ʎ.i.c.ɛ,2,0
s'impliquer,s.ɛ̃.p.ʎ.i.c.e,2,0
s'impose,s.ɛ̃.p.o.z,2,0
s'imposent,s.ɛ̃.p.o.z,2,0
s'improvise,s.ɛ̃.p.ʁ.ɔ.v.i.z,2,0
s'inquiéter,s.ɛ̃.c.e.t.e,2,0
s'inscrire,s.ɛ̃.s.k.ʁ.i.ʁ,2,0
s'inscrit,s.ɛ̃.s.k.ʁ.i,2,0
s'inscrivent,s.ɛ̃.s.k.ʁ.i.v,2,0
s'inspirant,s.ɛ̃.s.p.i.ʁ.ɑ̃,2,0
s'inspire,s.ɛ̃.s.p.i.ʁ,2,0
s'installe,s.ɛ̃.s.t.a.l,2,0
s'installent,s.ɛ̃.s.t.a.l,2,0
s'installer,s.ɛ̃.s.t.a.l.e,2,0
s'interroger,s.ɛ̃.t.ɛ.ʁ.ɔ.ʒ.e,2,0
s'intègre,s.ɛ̃.t.ɛ.ɡ.ʁ.ə,2,0
s'intégrer,s.ɛ̃.t.e.ɡ.ʁ.e,2,0
s'intéressent,s.ɛ̃.t.e.ʁ.ɛ.s.t.a.s,2,0
s'intéresser,s.ɛ̃.t.e.ʁ.ɛ.s.e,2,0
s'invente,s.ɛ̃.v.ɑ̃.t,2,0
s'investir,s.ɛ̃.v.ɛ.s.t.i.ʁ,2,0
s'investissent,s.ɛ̃.v.ɛ.s.t.i.s,2,0
sain,s.ɛ̃,2,0
sains,s.ɛ̃,2,0
saint,s.ɛ̃,2,0
sainte,s.ɛ̃.t,2,0
sarrazin,s.a.ʁ.a.z.ɛ̃,6,0
scinder,s.ɛ̃.d.e,2,0
scindé,s.ɛ̃.d.e,2,0
scrutin,s.k.ʁ.y.t.ɛ̃,6,0
sein,s.ɛ̃,2,0
sien,s.j.ɛ̃,3,0
siens,s.j.ɛ̃,3,0
simple,s.ɛ̃.p.l,2,0
simple,s.ɛ̃.p,2,0
simple,s.ɛ̃.p.l.ə,2,0
simplement,s.ɛ̃.p.l.ə.m.ɑ̃,2,0
simplifier,s.ɛ̃.p.l.i.f.j.e,2,0
simplifier,s.ɛ̃.p.ʎ.i.f.j.e,2,0
simplifié,s.ɛ̃.p.ʎ.i.f.j.e,2,0
simplifiées,s.ɛ̃.p.ʎ.i.f.j.e,2,0
simpliste,s.ɛ̃.p.l.i.s.t.ə,2,0
simpliste,s.ɛ̃.p.ʎ.i.s.t,2,0
sincère,s.ɛ̃.s.ɛ.ʁ,2,0
sincèrement,s.ɛ̃.s.ɛ.ʁ.m.ɑ̃,2,0
sincères,s.ɛ̃.s.ɛ.ʁ,2,0
singularité,s.ɛ̃.ɡ.y.l.a.ʁ.i.t.e,2,0
soin,s.w.ɛ̃,3,0
soins,s.w.ɛ̃,3,0
soixante-cinq,s.w.a.s.ɑ̃.t.s.ɛ̃.k,8,0
soixante-et-cinq,s.w.ɔ.s.ɑ̃.t.e.s.ɛ̃.k,9,0
soixante-quinze,s.w.a.s.ɑ̃.t.k.ɛ̃.z,8,0
soutien,s.u.t.j.ɛ̃,5,0
soutiendrons,s.u.t.j.ɛ̃.d.ʁ.ɔ̃,5,0
soutient,s.u.t.j.ɛ̃,5,0
souverain,s.u.v.ʁ.ɛ̃,5,0
souverains,s.u.v.ʁ.ɛ̃,5,0
souviendra,s.u.v.j.ɛ̃.d.ʁ.a,5,0
souviens,s.u.v.j.ɛ̃,5,0
souvient,s.u.v.j.ɛ̃,5,0
supermoyens,s.u.p.ɛ.ʁ.m.o.j.ɛ̃,9,0
surlendemain,s.y.ʁ.l.ɑ̃.d.m.ɛ̃,8,0
sylvain,s.i.l.v.ɛ̃,5,0
symbole,s.ɛ̃.b.ɔ.l,2,0
symbolique,s.ɛ̃.b.ɔ.ʎ.i.k,2,0
symbolise,s.ɛ̃.b.ɔ.ʎ.i.z,2,0
sympathie,s.ɛ̃.p.a.t.i,2,0
sympathique,s.ɛ̃.p.a.t.i.k,2,0
syndicales,s.ɛ̃.d.i.k.a.l,2,0
syndicats,s.ɛ̃.d.i.k.a,2,0
syndicaux,s.ɛ̃.d.i.k.o,2,0
syntaxe,s.ɛ̃.t.a.k.s,2,0
synthèse,s.ɛ̃.t.ɛ.z,2,0
synthétiser,s.ɛ̃.t.e.t.i.z.e,2,0
technicien,t.ɛ.k.n.i.s.j.ɛ̃,8,0
technicien,t.ɛ.k.ɲ.i.s.j.ɛ̃,8,0
techniciens,t.ɛ.k.ɲ.i.s.j.ɛ̃,8,0
techniciens,t.ɛ.k.n.i.s.j.ɛ̃,8,0
terrain,t.ɛ.ʁ.ɛ̃,4,0
terrains,t.ɛ.ʁ.ɛ̃,4,0
tiendra,t.j.ɛ̃.d.ʁ.a,3,0
tiens,t.j.ɛ̃,3,0
tient,t.j.ɛ̃,3,0
train,t.ʁ.ɛ̃,3,0
trains,t.ʁ.ɛ̃,3,0
tremplin,t.ʁ.ɑ̃.p.l.ɛ̃,6,0
trente-cinq,t.ʁ.ɑ̃.s.ɛ̃.k,5,0
témiscamingue,t.e.m.i.s.k.a.m.ɛ̃.ɡ,9,0
témoin,t.e.m.w.ɛ̃,5,0
un,ɛ̃,1,1
une,ɛ̃.n,1,1
uns,ɛ̃,1,1
urbain,y.ʁ.b.ɛ̃,4,0
urbains,y.ʁ.b.ɛ̃,4,0
vaccins,v.a.k.s.ɛ̃,5,0
vain,v.ɛ̃,2,0
vains,v.ɛ̃,2,0
valérien,v.a.l.e.ʁ.j.ɛ̃,7,0
vautrin,v.o.t.ʁ.ɛ̃,5,0
verdun,v.ɛ.ʁ.d.ɛ̃,5,1
victorin,v.i.k.t.ɔ.ʁ.ɛ̃,7,0
viendra,v.j.ɛ̃.d.ʁ.a,3,0
viendrai,v.j.ɛ̃.d.ʁ.ɛ,3,0
viendrait,v.j.ɛ̃.d.ʁ.ɛ,3,0
viendrez,v.j.ɛ̃.d.ʁ.e,3,0
viendront,v.j.ɛ̃.d.ʁ.ɔ̃,3,0
viens,v.j.ɛ̃,3,0
vient,v.j.ɛ̃,3,0
vin,v.ɛ̃,2,0
vincent,v.ɛ̃.s.ɑ̃,2,0
ving,v.ɛ̃,2,0
vingt,v.ɛ̃,2,0
vingt,v.ɛ̃.t,2,0
vingt-cinq,v.ɛ̃.t.s.ɛ̃.k,2,0
vingt-cinq,v.ɛ̃.t.s.ɛ̃.k,5,0
vingt-cinquième,v.ɛ̃.t.s.ɛ̃.k.j.ɛ.m,2,0
vingt-cinquième,v.ɛ̃.t.s.ɛ̃.k.j.ɛ.m,5,0
vingt-deux,v.ɛ̃.t.d.ø,2,0
vingt-et-un,v.ɛ̃.t.e.œ̃,2,0
vingt-et-unième,v.ɛ̃.t.e.y.n.j.ɛ.m,2,0
vingt-huit,v.ɛ̃.t.ɥ.i.t,2,0
vingt-neuf,v.ɛ̃.t.n.œ.f,2,0
vingt-quatre,v.ɛ̃.t.k.a.t,2,0
vingt-quatre,v.ɛ̃.t.k.a.t.ʁ,2,0
vingt-sept,v.ɛ̃.t.s.ɛ.t,2,0
vingt-six,v.ɛ̃.t.s.i.s,2,0
vingt-trois,v.ɛ̃.t.t.ʁ.w.a,2,0
vingtaine,v.ɛ̃.t.ɛ.n,2,0
vingtième,v.ɛ̃.t.j.ɛ.m,2,0
vins,v.ɛ̃,2,0
vint,v.ɛ̃,2,0
voisins,v.w.a.z.ɛ̃,5,0
vérendrye,v.e.ʁ.ɛ̃.d.ʁ.i,4,0
westmount,w.ɛ.s.t.m.ɛ̃,6,0
écrivain,e.k.ʁ.i.v.ɛ̃,6,0
électricien,e.l.ɛ.k.t.ʁ.i.s.j.ɛ̃,10,0
éolien,e.o.l.j.ɛ̃,5,0
éteindre,e.t.ɛ̃.d.ʁ,3,0
éteint,e.t.ɛ̃,3,0
éteinte,e.t.ɛ̃.t,3,0
